name	mass	formula	accession	ms.mode	peak.mztheo
Citric acid	192.027	C6H8O7	KNA00550	neg	191.019252
L-Aspartic acid	133.03751	C4H7NO4	KNA00487	neg	132.030169
L-Malic acid	134.02152	C4H6O5	KNA00527	neg	133.014168
L-Tryptophan	204.08988	C11H12N2O2	KNA00507	neg	203.082131
Taurine	125.01466	C2H7NO3S	KNA00479	neg	124.00727
